Feature Chunks,AUC,Accuracy,Precision,Recall
0 - 111743,0.639937107,0.668016194,0.583333333,0.238636364
111743 - 223486,0.668667282,0.692307692,0.5,0.197368421
223486 - 335229,0.648779431,0.668016194,0.547619048,0.26744186
335229 - 446972,0.672701149,0.700404858,0.842105263,0.183908046
446972 - 558715,0.701792859,0.708502024,0.534482759,0.407894737
558715 - 670458,0.661849711,0.684210526,0.461538462,0.324324324
670458 - 782201,0.658202524,0.663967611,0.438596491,0.328947368
782201 - 893944,0.669604343,0.668016194,0.492537313,0.407407407
Top 500,0.834597649858694,0.757085020242915,0.6438356164383562,0.5802469135802469
